{
    "accuracy": 0.9159663865546218,
    "recall": 0.8813559322033898,
    "precision": 0.9454545454545454,
    "f1": 0.9122807017543859
}